--
-- PostgreSQL database dump
--

-- Dumped from database version 16rc1
-- Dumped by pg_dump version 16.1

-- Started on 2024-03-17 12:39:13

SET statement_timeout = 0;
SET lock_timeout = 0;
SET idle_in_transaction_session_timeout = 0;
SET client_encoding = 'UTF8';
SET standard_conforming_strings = on;
SELECT pg_catalog.set_config('search_path', '', false);
SET check_function_bodies = false;
SET xmloption = content;
SET client_min_messages = warning;
SET row_security = off;

--
-- TOC entry 4915 (class 1262 OID 57818)
-- Name: office_app_db; Type: DATABASE; Schema: -; Owner: postgres
--

CREATE DATABASE office_app_db WITH TEMPLATE = template0 ENCODING = 'UTF8';


ALTER DATABASE office_app_db OWNER TO postgres;

\connect office_app_db

SET statement_timeout = 0;
SET lock_timeout = 0;
SET idle_in_transaction_session_timeout = 0;
SET client_encoding = 'UTF8';
SET standard_conforming_strings = on;
SELECT pg_catalog.set_config('search_path', '', false);
SET check_function_bodies = false;
SET xmloption = content;
SET client_min_messages = warning;
SET row_security = off;

SET default_tablespace = '';

SET default_table_access_method = heap;

--
-- TOC entry 225 (class 1259 OID 57904)
-- Name: dislikes; Type: TABLE; Schema: public; Owner: postgres
--

CREATE TABLE public.dislikes (
    user_id bigint,
    post_id bigint,
    id bigint NOT NULL
);


ALTER TABLE public.dislikes OWNER TO postgres;

--
-- TOC entry 227 (class 1259 OID 57924)
-- Name: dislikes_id_seq; Type: SEQUENCE; Schema: public; Owner: postgres
--

ALTER TABLE public.dislikes ALTER COLUMN id ADD GENERATED BY DEFAULT AS IDENTITY (
    SEQUENCE NAME public.dislikes_id_seq
    START WITH 1
    INCREMENT BY 1
    NO MINVALUE
    NO MAXVALUE
    CACHE 1
);


--
-- TOC entry 223 (class 1259 OID 57874)
-- Name: idea_post; Type: TABLE; Schema: public; Owner: postgres
--

CREATE TABLE public.idea_post (
    id integer NOT NULL,
    title character varying,
    content text,
    user_id integer,
    attached_images text,
    likes_count integer,
    dislikes_count integer,
    comments_count integer,
    created_at timestamp without time zone NOT NULL,
    office_id integer
);


ALTER TABLE public.idea_post OWNER TO postgres;

--
-- TOC entry 222 (class 1259 OID 57873)
-- Name: idea_post_id_seq; Type: SEQUENCE; Schema: public; Owner: postgres
--

ALTER TABLE public.idea_post ALTER COLUMN id ADD GENERATED BY DEFAULT AS IDENTITY (
    SEQUENCE NAME public.idea_post_id_seq
    START WITH 1
    INCREMENT BY 1
    NO MINVALUE
    NO MAXVALUE
    CACHE 1
);


--
-- TOC entry 224 (class 1259 OID 57891)
-- Name: likes; Type: TABLE; Schema: public; Owner: postgres
--

CREATE TABLE public.likes (
    user_id bigint,
    post_id bigint,
    id bigint NOT NULL
);


ALTER TABLE public.likes OWNER TO postgres;

--
-- TOC entry 226 (class 1259 OID 57917)
-- Name: likes_id_seq; Type: SEQUENCE; Schema: public; Owner: postgres
--

ALTER TABLE public.likes ALTER COLUMN id ADD GENERATED BY DEFAULT AS IDENTITY (
    SEQUENCE NAME public.likes_id_seq
    START WITH 1
    INCREMENT BY 1
    NO MINVALUE
    NO MAXVALUE
    CACHE 1
);


--
-- TOC entry 216 (class 1259 OID 57830)
-- Name: office; Type: TABLE; Schema: public; Owner: postgres
--

CREATE TABLE public.office (
    id integer NOT NULL,
    image_url character varying,
    address character varying
);


ALTER TABLE public.office OWNER TO postgres;

--
-- TOC entry 215 (class 1259 OID 57829)
-- Name: office_id_seq; Type: SEQUENCE; Schema: public; Owner: postgres
--

ALTER TABLE public.office ALTER COLUMN id ADD GENERATED BY DEFAULT AS IDENTITY (
    SEQUENCE NAME public.office_id_seq
    START WITH 1
    INCREMENT BY 1
    NO MINVALUE
    NO MAXVALUE
    CACHE 1
);


--
-- TOC entry 229 (class 1259 OID 57932)
-- Name: refresh_token; Type: TABLE; Schema: public; Owner: postgres
--

CREATE TABLE public.refresh_token (
    id bigint NOT NULL,
    user_id bigint,
    token character varying NOT NULL,
    expiry_date timestamp without time zone
);


ALTER TABLE public.refresh_token OWNER TO postgres;

--
-- TOC entry 228 (class 1259 OID 57931)
-- Name: refresh_token_id_seq; Type: SEQUENCE; Schema: public; Owner: postgres
--

ALTER TABLE public.refresh_token ALTER COLUMN id ADD GENERATED BY DEFAULT AS IDENTITY (
    SEQUENCE NAME public.refresh_token_id_seq
    START WITH 1
    INCREMENT BY 1
    NO MINVALUE
    NO MAXVALUE
    CACHE 1
);


--
-- TOC entry 220 (class 1259 OID 57853)
-- Name: roles; Type: TABLE; Schema: public; Owner: postgres
--

CREATE TABLE public.roles (
    id integer NOT NULL,
    name character varying(50) NOT NULL
);


ALTER TABLE public.roles OWNER TO postgres;

--
-- TOC entry 219 (class 1259 OID 57852)
-- Name: roles_id_seq; Type: SEQUENCE; Schema: public; Owner: postgres
--

ALTER TABLE public.roles ALTER COLUMN id ADD GENERATED BY DEFAULT AS IDENTITY (
    SEQUENCE NAME public.roles_id_seq
    START WITH 1
    INCREMENT BY 1
    NO MINVALUE
    NO MAXVALUE
    CACHE 1
);


--
-- TOC entry 218 (class 1259 OID 57838)
-- Name: users; Type: TABLE; Schema: public; Owner: postgres
--

CREATE TABLE public.users (
    id integer NOT NULL,
    email character varying(100) NOT NULL,
    password character varying NOT NULL,
    name character varying(100) NOT NULL,
    surname character varying(100) NOT NULL,
    job character varying(100),
    photo character varying,
    office integer NOT NULL,
    created_at timestamp without time zone NOT NULL
);


ALTER TABLE public.users OWNER TO postgres;

--
-- TOC entry 217 (class 1259 OID 57837)
-- Name: users_id_seq; Type: SEQUENCE; Schema: public; Owner: postgres
--

ALTER TABLE public.users ALTER COLUMN id ADD GENERATED BY DEFAULT AS IDENTITY (
    SEQUENCE NAME public.users_id_seq
    START WITH 1
    INCREMENT BY 1
    NO MINVALUE
    NO MAXVALUE
    CACHE 1
);


--
-- TOC entry 221 (class 1259 OID 57858)
-- Name: users_roles; Type: TABLE; Schema: public; Owner: postgres
--

CREATE TABLE public.users_roles (
    user_id integer NOT NULL,
    role_id integer NOT NULL
);


ALTER TABLE public.users_roles OWNER TO postgres;

--
-- TOC entry 4905 (class 0 OID 57904)
-- Dependencies: 225
-- Data for Name: dislikes; Type: TABLE DATA; Schema: public; Owner: postgres
--

INSERT INTO public.dislikes VALUES (3, 2, 7);
INSERT INTO public.dislikes VALUES (3, 3, 8);
INSERT INTO public.dislikes VALUES (3, 3, 9);
INSERT INTO public.dislikes VALUES (3, 3, 10);
INSERT INTO public.dislikes VALUES (3, 4, 11);
INSERT INTO public.dislikes VALUES (3, 4, 12);
INSERT INTO public.dislikes VALUES (3, 5, 13);
INSERT INTO public.dislikes VALUES (3, 5, 14);
INSERT INTO public.dislikes VALUES (3, 5, 15);
INSERT INTO public.dislikes VALUES (3, 5, 16);
INSERT INTO public.dislikes VALUES (3, 5, 17);
INSERT INTO public.dislikes VALUES (3, 5, 18);
INSERT INTO public.dislikes VALUES (3, 6, 19);
INSERT INTO public.dislikes VALUES (3, 6, 20);
INSERT INTO public.dislikes VALUES (3, 6, 21);
INSERT INTO public.dislikes VALUES (3, 6, 22);
INSERT INTO public.dislikes VALUES (3, 8, 24);
INSERT INTO public.dislikes VALUES (3, 8, 25);
INSERT INTO public.dislikes VALUES (3, 8, 26);
INSERT INTO public.dislikes VALUES (3, 8, 27);
INSERT INTO public.dislikes VALUES (3, 8, 28);
INSERT INTO public.dislikes VALUES (3, 8, 29);
INSERT INTO public.dislikes VALUES (3, 8, 30);
INSERT INTO public.dislikes VALUES (3, 8, 31);
INSERT INTO public.dislikes VALUES (3, 9, 32);
INSERT INTO public.dislikes VALUES (3, 9, 33);
INSERT INTO public.dislikes VALUES (3, 10, 34);
INSERT INTO public.dislikes VALUES (3, 12, 35);
INSERT INTO public.dislikes VALUES (3, 12, 36);


--
-- TOC entry 4903 (class 0 OID 57874)
-- Dependencies: 223
-- Data for Name: idea_post; Type: TABLE DATA; Schema: public; Owner: postgres
--

INSERT INTO public.idea_post VALUES (10, 'Мониторы #9', 'Необходимо заменить все мониторы! #9', 3, 'https://cdn.thewirecutter.com/wp-content/media/2023/06/4kmonitors-2048px-9794.jpg,https://i.pcmag.com/imagery/reviews/04yXpm5uyjix6ORSzFZVOrA-1..v1693014357.jpg', 7, 1, 0, '2024-03-10 00:19:49.477', 4);
INSERT INTO public.idea_post VALUES (13, 'Мониторы #12', 'Необходимо заменить все мониторы! #12', 3, 'https://cdn.thewirecutter.com/wp-content/media/2023/06/4kmonitors-2048px-9794.jpg,https://i.pcmag.com/imagery/reviews/04yXpm5uyjix6ORSzFZVOrA-1..v1693014357.jpg', 1, 3, 0, '2024-03-10 00:20:36.723', 5);
INSERT INTO public.idea_post VALUES (12, 'Мониторы #11', 'Необходимо заменить все мониторы! #11', 3, 'https://cdn.thewirecutter.com/wp-content/media/2023/06/4kmonitors-2048px-9794.jpg,https://i.pcmag.com/imagery/reviews/04yXpm5uyjix6ORSzFZVOrA-1..v1693014357.jpg', 2, 2, 0, '2024-03-10 00:20:28.052', 5);
INSERT INTO public.idea_post VALUES (5, 'Мониторы #4', 'Необходимо заменить все мониторы! #4', 3, 'https://cdn.thewirecutter.com/wp-content/media/2023/06/4kmonitors-2048px-9794.jpg,https://i.pcmag.com/imagery/reviews/04yXpm5uyjix6ORSzFZVOrA-1..v1693014357.jpg', 3, 6, 0, '2024-03-10 00:17:04.089', 2);
INSERT INTO public.idea_post VALUES (2, 'Мониторы', 'Необходимо заменить все мониторы!', 3, 'https://cdn.thewirecutter.com/wp-content/media/2023/06/4kmonitors-2048px-9794.jpg,https://i.pcmag.com/imagery/reviews/04yXpm5uyjix6ORSzFZVOrA-1..v1693014357.jpg', 1, 1, 0, '2024-03-05 12:22:46.815', 1);
INSERT INTO public.idea_post VALUES (15, 'Мониторы #14', 'Необходимо заменить все мониторы! #14', 3, 'https://cdn.thewirecutter.com/wp-content/media/2023/06/4kmonitors-2048px-9794.jpg,https://i.pcmag.com/imagery/reviews/04yXpm5uyjix6ORSzFZVOrA-1..v1693014357.jpg', 0, 0, 0, '2024-03-15 16:55:59.85', 5);
INSERT INTO public.idea_post VALUES (14, 'Мониторы #13', 'Необходимо заменить все мониторы! #13', 3, 'https://cdn.thewirecutter.com/wp-content/media/2023/06/4kmonitors-2048px-9794.jpg,https://i.pcmag.com/imagery/reviews/04yXpm5uyjix6ORSzFZVOrA-1..v1693014357.jpg', 0, 0, 0, '2024-03-10 00:20:46.752', 5);
INSERT INTO public.idea_post VALUES (8, 'Мониторы #7', 'Необходимо заменить все мониторы! #7', 3, 'https://cdn.thewirecutter.com/wp-content/media/2023/06/4kmonitors-2048px-9794.jpg,https://i.pcmag.com/imagery/reviews/04yXpm5uyjix6ORSzFZVOrA-1..v1693014357.jpg', 3, 8, 0, '2024-03-10 00:18:43.263', 3);
INSERT INTO public.idea_post VALUES (3, 'Мониторы #2', 'Необходимо заменить все мониторы! #2', 3, 'https://cdn.thewirecutter.com/wp-content/media/2023/06/4kmonitors-2048px-9794.jpg,https://i.pcmag.com/imagery/reviews/04yXpm5uyjix6ORSzFZVOrA-1..v1693014357.jpg', 2, 3, 0, '2024-03-10 00:16:03.712', 2);
INSERT INTO public.idea_post VALUES (11, 'Мониторы #10', 'Необходимо заменить все мониторы! #10', 3, 'https://cdn.thewirecutter.com/wp-content/media/2023/06/4kmonitors-2048px-9794.jpg,https://i.pcmag.com/imagery/reviews/04yXpm5uyjix6ORSzFZVOrA-1..v1693014357.jpg', 2, 0, 0, '2024-03-10 00:20:09.248', 4);
INSERT INTO public.idea_post VALUES (4, 'Мониторы #3', 'Необходимо заменить все мониторы! #3', 3, 'https://cdn.thewirecutter.com/wp-content/media/2023/06/4kmonitors-2048px-9794.jpg,https://i.pcmag.com/imagery/reviews/04yXpm5uyjix6ORSzFZVOrA-1..v1693014357.jpg', 5, 2, 0, '2024-03-10 00:16:30.692', 2);
INSERT INTO public.idea_post VALUES (9, 'Мониторы #8', 'Необходимо заменить все мониторы! #8', 3, 'https://cdn.thewirecutter.com/wp-content/media/2023/06/4kmonitors-2048px-9794.jpg,https://i.pcmag.com/imagery/reviews/04yXpm5uyjix6ORSzFZVOrA-1..v1693014357.jpg', 1, 2, 0, '2024-03-10 00:19:38.388', 4);
INSERT INTO public.idea_post VALUES (6, 'Мониторы #5', 'Необходимо заменить все мониторы! #5', 3, 'https://cdn.thewirecutter.com/wp-content/media/2023/06/4kmonitors-2048px-9794.jpg,https://i.pcmag.com/imagery/reviews/04yXpm5uyjix6ORSzFZVOrA-1..v1693014357.jpg', 2, 4, 0, '2024-03-10 00:18:03.347', 3);


--
-- TOC entry 4904 (class 0 OID 57891)
-- Dependencies: 224
-- Data for Name: likes; Type: TABLE DATA; Schema: public; Owner: postgres
--

INSERT INTO public.likes VALUES (3, 2, 13);
INSERT INTO public.likes VALUES (3, 3, 14);
INSERT INTO public.likes VALUES (3, 3, 15);
INSERT INTO public.likes VALUES (3, 4, 16);
INSERT INTO public.likes VALUES (3, 4, 17);
INSERT INTO public.likes VALUES (3, 4, 18);
INSERT INTO public.likes VALUES (3, 4, 19);
INSERT INTO public.likes VALUES (3, 4, 20);
INSERT INTO public.likes VALUES (3, 5, 21);
INSERT INTO public.likes VALUES (3, 5, 22);
INSERT INTO public.likes VALUES (3, 5, 23);
INSERT INTO public.likes VALUES (3, 6, 24);
INSERT INTO public.likes VALUES (3, 6, 25);
INSERT INTO public.likes VALUES (3, 8, 30);
INSERT INTO public.likes VALUES (3, 8, 31);
INSERT INTO public.likes VALUES (3, 8, 32);
INSERT INTO public.likes VALUES (3, 9, 33);
INSERT INTO public.likes VALUES (3, 10, 34);
INSERT INTO public.likes VALUES (3, 10, 35);
INSERT INTO public.likes VALUES (3, 10, 36);
INSERT INTO public.likes VALUES (3, 10, 37);
INSERT INTO public.likes VALUES (3, 10, 38);
INSERT INTO public.likes VALUES (3, 10, 39);
INSERT INTO public.likes VALUES (3, 10, 40);
INSERT INTO public.likes VALUES (3, 11, 41);
INSERT INTO public.likes VALUES (3, 11, 42);
INSERT INTO public.likes VALUES (3, 12, 43);
INSERT INTO public.likes VALUES (3, 12, 44);


--
-- TOC entry 4896 (class 0 OID 57830)
-- Dependencies: 216
-- Data for Name: office; Type: TABLE DATA; Schema: public; Owner: postgres
--

INSERT INTO public.office VALUES (1, 'https://arearent.ru/upload/resize_cache/iblock/7e7/1250_600_1/ed79s3ywxiqn6myw26f70ndbkw23hc85.jpg', 'ул. Гагарина 6');
INSERT INTO public.office VALUES (2, 'https://cdn.inmyroom.ru/uploads/photo/file/a8/a8e4/base_a8e4096a-9249-4fbe-870d-b08d03a78f24.jpg', 'ул.Коминтерна, д.164');
INSERT INTO public.office VALUES (3, 'https://interiorizm.com/wp-content/uploads/2021/02/rabochee-mesto-s-vidom-na-more-interiorizm-05.jpg', 'ул.Большая Печерская, 5/9');
INSERT INTO public.office VALUES (4, 'https://cdn.inmyroom.ru/uploads/photo/file/d5/d5c9/photos_show_big_d5c9a014-519c-4f3d-bd44-bfb7a8d0e52a.jpg', 'ул.Ковалихинская, д.8');
INSERT INTO public.office VALUES (5, 'https://archello.s3.eu-central-1.amazonaws.com/images/2018/02/03/DFBridgesIISHOT07G20-0.1517653034.5896.jpg', 'ул.Горького, д.146');


--
-- TOC entry 4909 (class 0 OID 57932)
-- Dependencies: 229
-- Data for Name: refresh_token; Type: TABLE DATA; Schema: public; Owner: postgres
--

INSERT INTO public.refresh_token VALUES (15, 6, '4879196d-5ab5-401a-82b7-6845ac2fc57b', '2024-03-06 12:19:16.218');
INSERT INTO public.refresh_token VALUES (35, 3, '3cd61be7-44c5-4cd4-92b3-7724da5059cb', '2024-03-16 17:16:30.046');


--
-- TOC entry 4900 (class 0 OID 57853)
-- Dependencies: 220
-- Data for Name: roles; Type: TABLE DATA; Schema: public; Owner: postgres
--

INSERT INTO public.roles VALUES (1, 'ROLE_USER');
INSERT INTO public.roles VALUES (3, 'ROLE_ADMIN');


--
-- TOC entry 4898 (class 0 OID 57838)
-- Dependencies: 218
-- Data for Name: users; Type: TABLE DATA; Schema: public; Owner: postgres
--

INSERT INTO public.users VALUES (4, 'petr@yandex.ru', '$2a$10$jef8rYFWTqU81Q29eWS40.ytPa052yqE3RQHTWRmQORLVOrh//5Y.', 'petr', 'petrov', 'Software Engineer', NULL, 1, '2024-02-28 00:13:17.466');
INSERT INTO public.users VALUES (3, 'misha@yandex.ru', '$2a$10$lmg9UjzmaC897K5G0T2CBec1WMbfRf0JFYF.WvzufhIccN5odsEc6', 'nikita', 'volzhanin', 'Software Engineer', 'http://handsome.ru', 1, '2024-02-20 16:47:06.365');
INSERT INTO public.users VALUES (6, 'alex@yandex.ru', '$2a$10$j1jV1sYgKDSzdHtWX4KrfO/8PQCo8LZH5goatom7FKEffwv7WNz9q', 'alex', 'kipytok', 'Software Engineer #1', 'http://handsome_2.ru', 1, '2024-03-05 10:17:06.752');
INSERT INTO public.users VALUES (7, 'alex4@yandex.ru', '$2a$10$5iu0tsLQsxDVs1Q2Xt31BenLzN2Wp3onz1TTdB0JVZCvPumBHG5..', 'alex_4', 'kipytok_4', NULL, NULL, 1, '2024-03-15 16:32:02.505');
INSERT INTO public.users VALUES (8, 'alex5@yandex.ru', '$2a$10$hNtaiYwuGL9ZqFQGAy/L3.LB5mouShFmM91Z4fQ0xXwta4hemSjEW', 'alex_5', 'kipytok_5', NULL, NULL, 1, '2024-03-17 11:23:17.473');


--
-- TOC entry 4901 (class 0 OID 57858)
-- Dependencies: 221
-- Data for Name: users_roles; Type: TABLE DATA; Schema: public; Owner: postgres
--

INSERT INTO public.users_roles VALUES (3, 1);
INSERT INTO public.users_roles VALUES (4, 1);
INSERT INTO public.users_roles VALUES (6, 1);
INSERT INTO public.users_roles VALUES (7, 1);
INSERT INTO public.users_roles VALUES (8, 1);


--
-- TOC entry 4916 (class 0 OID 0)
-- Dependencies: 227
-- Name: dislikes_id_seq; Type: SEQUENCE SET; Schema: public; Owner: postgres
--

SELECT pg_catalog.setval('public.dislikes_id_seq', 40, true);


--
-- TOC entry 4917 (class 0 OID 0)
-- Dependencies: 222
-- Name: idea_post_id_seq; Type: SEQUENCE SET; Schema: public; Owner: postgres
--

SELECT pg_catalog.setval('public.idea_post_id_seq', 15, true);


--
-- TOC entry 4918 (class 0 OID 0)
-- Dependencies: 226
-- Name: likes_id_seq; Type: SEQUENCE SET; Schema: public; Owner: postgres
--

SELECT pg_catalog.setval('public.likes_id_seq', 46, true);


--
-- TOC entry 4919 (class 0 OID 0)
-- Dependencies: 215
-- Name: office_id_seq; Type: SEQUENCE SET; Schema: public; Owner: postgres
--

SELECT pg_catalog.setval('public.office_id_seq', 5, true);


--
-- TOC entry 4920 (class 0 OID 0)
-- Dependencies: 228
-- Name: refresh_token_id_seq; Type: SEQUENCE SET; Schema: public; Owner: postgres
--

SELECT pg_catalog.setval('public.refresh_token_id_seq', 35, true);


--
-- TOC entry 4921 (class 0 OID 0)
-- Dependencies: 219
-- Name: roles_id_seq; Type: SEQUENCE SET; Schema: public; Owner: postgres
--

SELECT pg_catalog.setval('public.roles_id_seq', 3, true);


--
-- TOC entry 4922 (class 0 OID 0)
-- Dependencies: 217
-- Name: users_id_seq; Type: SEQUENCE SET; Schema: public; Owner: postgres
--

SELECT pg_catalog.setval('public.users_id_seq', 8, true);


--
-- TOC entry 4737 (class 2606 OID 57926)
-- Name: dislikes dislikes_pkey; Type: CONSTRAINT; Schema: public; Owner: postgres
--

ALTER TABLE ONLY public.dislikes
    ADD CONSTRAINT dislikes_pkey PRIMARY KEY (id);


--
-- TOC entry 4733 (class 2606 OID 57880)
-- Name: idea_post idea_post_pkey; Type: CONSTRAINT; Schema: public; Owner: postgres
--

ALTER TABLE ONLY public.idea_post
    ADD CONSTRAINT idea_post_pkey PRIMARY KEY (id);


--
-- TOC entry 4735 (class 2606 OID 57919)
-- Name: likes likes_pkey; Type: CONSTRAINT; Schema: public; Owner: postgres
--

ALTER TABLE ONLY public.likes
    ADD CONSTRAINT likes_pkey PRIMARY KEY (id);


--
-- TOC entry 4723 (class 2606 OID 57836)
-- Name: office office_pkey; Type: CONSTRAINT; Schema: public; Owner: postgres
--

ALTER TABLE ONLY public.office
    ADD CONSTRAINT office_pkey PRIMARY KEY (id);


--
-- TOC entry 4739 (class 2606 OID 57938)
-- Name: refresh_token refresh_token_pkey; Type: CONSTRAINT; Schema: public; Owner: postgres
--

ALTER TABLE ONLY public.refresh_token
    ADD CONSTRAINT refresh_token_pkey PRIMARY KEY (id);


--
-- TOC entry 4741 (class 2606 OID 57940)
-- Name: refresh_token refresh_token_token_key; Type: CONSTRAINT; Schema: public; Owner: postgres
--

ALTER TABLE ONLY public.refresh_token
    ADD CONSTRAINT refresh_token_token_key UNIQUE (token);


--
-- TOC entry 4729 (class 2606 OID 57857)
-- Name: roles roles_pkey; Type: CONSTRAINT; Schema: public; Owner: postgres
--

ALTER TABLE ONLY public.roles
    ADD CONSTRAINT roles_pkey PRIMARY KEY (id);


--
-- TOC entry 4725 (class 2606 OID 57846)
-- Name: users users_email_key; Type: CONSTRAINT; Schema: public; Owner: postgres
--

ALTER TABLE ONLY public.users
    ADD CONSTRAINT users_email_key UNIQUE (email);


--
-- TOC entry 4727 (class 2606 OID 57844)
-- Name: users users_pkey; Type: CONSTRAINT; Schema: public; Owner: postgres
--

ALTER TABLE ONLY public.users
    ADD CONSTRAINT users_pkey PRIMARY KEY (id);


--
-- TOC entry 4731 (class 2606 OID 57862)
-- Name: users_roles users_roles_pkey; Type: CONSTRAINT; Schema: public; Owner: postgres
--

ALTER TABLE ONLY public.users_roles
    ADD CONSTRAINT users_roles_pkey PRIMARY KEY (user_id, role_id);


--
-- TOC entry 4749 (class 2606 OID 57912)
-- Name: dislikes dislikes_post_id_fkey; Type: FK CONSTRAINT; Schema: public; Owner: postgres
--

ALTER TABLE ONLY public.dislikes
    ADD CONSTRAINT dislikes_post_id_fkey FOREIGN KEY (post_id) REFERENCES public.idea_post(id);


--
-- TOC entry 4750 (class 2606 OID 57907)
-- Name: dislikes dislikes_user_id_fkey; Type: FK CONSTRAINT; Schema: public; Owner: postgres
--

ALTER TABLE ONLY public.dislikes
    ADD CONSTRAINT dislikes_user_id_fkey FOREIGN KEY (user_id) REFERENCES public.users(id);


--
-- TOC entry 4745 (class 2606 OID 57886)
-- Name: idea_post idea_post_office_id_fkey; Type: FK CONSTRAINT; Schema: public; Owner: postgres
--

ALTER TABLE ONLY public.idea_post
    ADD CONSTRAINT idea_post_office_id_fkey FOREIGN KEY (office_id) REFERENCES public.office(id);


--
-- TOC entry 4746 (class 2606 OID 57881)
-- Name: idea_post idea_post_user_id_fkey; Type: FK CONSTRAINT; Schema: public; Owner: postgres
--

ALTER TABLE ONLY public.idea_post
    ADD CONSTRAINT idea_post_user_id_fkey FOREIGN KEY (user_id) REFERENCES public.users(id);


--
-- TOC entry 4747 (class 2606 OID 57899)
-- Name: likes likes_post_id_fkey; Type: FK CONSTRAINT; Schema: public; Owner: postgres
--

ALTER TABLE ONLY public.likes
    ADD CONSTRAINT likes_post_id_fkey FOREIGN KEY (post_id) REFERENCES public.idea_post(id);


--
-- TOC entry 4748 (class 2606 OID 57894)
-- Name: likes likes_user_id_fkey; Type: FK CONSTRAINT; Schema: public; Owner: postgres
--

ALTER TABLE ONLY public.likes
    ADD CONSTRAINT likes_user_id_fkey FOREIGN KEY (user_id) REFERENCES public.users(id);


--
-- TOC entry 4751 (class 2606 OID 57941)
-- Name: refresh_token refresh_token_user_id_fkey; Type: FK CONSTRAINT; Schema: public; Owner: postgres
--

ALTER TABLE ONLY public.refresh_token
    ADD CONSTRAINT refresh_token_user_id_fkey FOREIGN KEY (user_id) REFERENCES public.users(id);


--
-- TOC entry 4742 (class 2606 OID 57847)
-- Name: users users_office_fkey; Type: FK CONSTRAINT; Schema: public; Owner: postgres
--

ALTER TABLE ONLY public.users
    ADD CONSTRAINT users_office_fkey FOREIGN KEY (office) REFERENCES public.office(id);


--
-- TOC entry 4743 (class 2606 OID 57868)
-- Name: users_roles users_roles_role_id_fkey; Type: FK CONSTRAINT; Schema: public; Owner: postgres
--

ALTER TABLE ONLY public.users_roles
    ADD CONSTRAINT users_roles_role_id_fkey FOREIGN KEY (role_id) REFERENCES public.roles(id);


--
-- TOC entry 4744 (class 2606 OID 57863)
-- Name: users_roles users_roles_user_id_fkey; Type: FK CONSTRAINT; Schema: public; Owner: postgres
--

ALTER TABLE ONLY public.users_roles
    ADD CONSTRAINT users_roles_user_id_fkey FOREIGN KEY (user_id) REFERENCES public.users(id);


-- Completed on 2024-03-17 12:39:13

--
-- PostgreSQL database dump complete
--

