--
-- PostgreSQL database dump
--

-- Dumped from database version 16rc1
-- Dumped by pg_dump version 16.1

-- Started on 2024-05-06 15:02:30

SET statement_timeout = 0;
SET lock_timeout = 0;
SET idle_in_transaction_session_timeout = 0;
SET client_encoding = 'UTF8';
SET standard_conforming_strings = on;
SELECT pg_catalog.set_config('search_path', '', false);
SET check_function_bodies = false;
SET xmloption = content;
SET client_min_messages = warning;
SET row_security = off;

--
-- TOC entry 4981 (class 1262 OID 57818)
-- Name: office_app_db; Type: DATABASE; Schema: -; Owner: postgres
--

CREATE DATABASE office_app_db WITH TEMPLATE = template0 ENCODING = 'UTF8' LOCALE_PROVIDER = libc;


ALTER DATABASE office_app_db OWNER TO postgres;

\connect office_app_db

SET statement_timeout = 0;
SET lock_timeout = 0;
SET idle_in_transaction_session_timeout = 0;
SET client_encoding = 'UTF8';
SET standard_conforming_strings = on;
SELECT pg_catalog.set_config('search_path', '', false);
SET check_function_bodies = false;
SET xmloption = content;
SET client_min_messages = warning;
SET row_security = off;

SET default_tablespace = '';

SET default_table_access_method = heap;

--
-- TOC entry 231 (class 1259 OID 66022)
-- Name: comment; Type: TABLE; Schema: public; Owner: postgres
--

CREATE TABLE public.comment (
    id integer NOT NULL,
    author integer,
    content text NOT NULL,
    attached_image character varying,
    date timestamp without time zone,
    likes_count integer,
    dislikes_count integer,
    post_id integer
);


ALTER TABLE public.comment OWNER TO postgres;

--
-- TOC entry 235 (class 1259 OID 66051)
-- Name: comment_dislikes; Type: TABLE; Schema: public; Owner: postgres
--

CREATE TABLE public.comment_dislikes (
    id integer NOT NULL,
    author_id integer,
    comment_id integer
);


ALTER TABLE public.comment_dislikes OWNER TO postgres;

--
-- TOC entry 234 (class 1259 OID 66050)
-- Name: comment_dislikes_id_seq; Type: SEQUENCE; Schema: public; Owner: postgres
--

ALTER TABLE public.comment_dislikes ALTER COLUMN id ADD GENERATED BY DEFAULT AS IDENTITY (
    SEQUENCE NAME public.comment_dislikes_id_seq
    START WITH 1
    INCREMENT BY 1
    NO MINVALUE
    NO MAXVALUE
    CACHE 1
);


--
-- TOC entry 230 (class 1259 OID 66021)
-- Name: comment_id_seq; Type: SEQUENCE; Schema: public; Owner: postgres
--

ALTER TABLE public.comment ALTER COLUMN id ADD GENERATED BY DEFAULT AS IDENTITY (
    SEQUENCE NAME public.comment_id_seq
    START WITH 1
    INCREMENT BY 1
    NO MINVALUE
    NO MAXVALUE
    CACHE 1
);


--
-- TOC entry 233 (class 1259 OID 66035)
-- Name: comment_likes; Type: TABLE; Schema: public; Owner: postgres
--

CREATE TABLE public.comment_likes (
    id integer NOT NULL,
    author_id integer,
    comment_id integer
);


ALTER TABLE public.comment_likes OWNER TO postgres;

--
-- TOC entry 232 (class 1259 OID 66034)
-- Name: comment_likes_id_seq; Type: SEQUENCE; Schema: public; Owner: postgres
--

ALTER TABLE public.comment_likes ALTER COLUMN id ADD GENERATED BY DEFAULT AS IDENTITY (
    SEQUENCE NAME public.comment_likes_id_seq
    START WITH 1
    INCREMENT BY 1
    NO MINVALUE
    NO MAXVALUE
    CACHE 1
);


--
-- TOC entry 225 (class 1259 OID 57904)
-- Name: dislikes; Type: TABLE; Schema: public; Owner: postgres
--

CREATE TABLE public.dislikes (
    user_id bigint,
    post_id bigint,
    id bigint NOT NULL
);


ALTER TABLE public.dislikes OWNER TO postgres;

--
-- TOC entry 227 (class 1259 OID 57924)
-- Name: dislikes_id_seq; Type: SEQUENCE; Schema: public; Owner: postgres
--

ALTER TABLE public.dislikes ALTER COLUMN id ADD GENERATED BY DEFAULT AS IDENTITY (
    SEQUENCE NAME public.dislikes_id_seq
    START WITH 1
    INCREMENT BY 1
    NO MINVALUE
    NO MAXVALUE
    CACHE 1
);


--
-- TOC entry 223 (class 1259 OID 57874)
-- Name: idea_post; Type: TABLE; Schema: public; Owner: postgres
--

CREATE TABLE public.idea_post (
    id integer NOT NULL,
    title character varying,
    content text,
    user_id integer,
    attached_images text,
    likes_count integer,
    dislikes_count integer,
    comments_count integer,
    created_at timestamp without time zone NOT NULL,
    office_id integer
);


ALTER TABLE public.idea_post OWNER TO postgres;

--
-- TOC entry 222 (class 1259 OID 57873)
-- Name: idea_post_id_seq; Type: SEQUENCE; Schema: public; Owner: postgres
--

ALTER TABLE public.idea_post ALTER COLUMN id ADD GENERATED BY DEFAULT AS IDENTITY (
    SEQUENCE NAME public.idea_post_id_seq
    START WITH 1
    INCREMENT BY 1
    NO MINVALUE
    NO MAXVALUE
    CACHE 1
);


--
-- TOC entry 241 (class 1259 OID 66112)
-- Name: implemented; Type: TABLE; Schema: public; Owner: postgres
--

CREATE TABLE public.implemented (
    id integer NOT NULL,
    post_id integer,
    office_id integer
);


ALTER TABLE public.implemented OWNER TO postgres;

--
-- TOC entry 240 (class 1259 OID 66111)
-- Name: implemented_id_seq; Type: SEQUENCE; Schema: public; Owner: postgres
--

ALTER TABLE public.implemented ALTER COLUMN id ADD GENERATED BY DEFAULT AS IDENTITY (
    SEQUENCE NAME public.implemented_id_seq
    START WITH 1
    INCREMENT BY 1
    NO MINVALUE
    NO MAXVALUE
    CACHE 1
);


--
-- TOC entry 239 (class 1259 OID 66096)
-- Name: in_progress; Type: TABLE; Schema: public; Owner: postgres
--

CREATE TABLE public.in_progress (
    id integer NOT NULL,
    post_id integer,
    office_id integer
);


ALTER TABLE public.in_progress OWNER TO postgres;

--
-- TOC entry 238 (class 1259 OID 66095)
-- Name: in_progress_id_seq; Type: SEQUENCE; Schema: public; Owner: postgres
--

ALTER TABLE public.in_progress ALTER COLUMN id ADD GENERATED BY DEFAULT AS IDENTITY (
    SEQUENCE NAME public.in_progress_id_seq
    START WITH 1
    INCREMENT BY 1
    NO MINVALUE
    NO MAXVALUE
    CACHE 1
);


--
-- TOC entry 224 (class 1259 OID 57891)
-- Name: likes; Type: TABLE; Schema: public; Owner: postgres
--

CREATE TABLE public.likes (
    user_id bigint,
    post_id bigint,
    id bigint NOT NULL
);


ALTER TABLE public.likes OWNER TO postgres;

--
-- TOC entry 226 (class 1259 OID 57917)
-- Name: likes_id_seq; Type: SEQUENCE; Schema: public; Owner: postgres
--

ALTER TABLE public.likes ALTER COLUMN id ADD GENERATED BY DEFAULT AS IDENTITY (
    SEQUENCE NAME public.likes_id_seq
    START WITH 1
    INCREMENT BY 1
    NO MINVALUE
    NO MAXVALUE
    CACHE 1
);


--
-- TOC entry 216 (class 1259 OID 57830)
-- Name: office; Type: TABLE; Schema: public; Owner: postgres
--

CREATE TABLE public.office (
    id integer NOT NULL,
    image_url character varying,
    address character varying
);


ALTER TABLE public.office OWNER TO postgres;

--
-- TOC entry 215 (class 1259 OID 57829)
-- Name: office_id_seq; Type: SEQUENCE; Schema: public; Owner: postgres
--

ALTER TABLE public.office ALTER COLUMN id ADD GENERATED BY DEFAULT AS IDENTITY (
    SEQUENCE NAME public.office_id_seq
    START WITH 1
    INCREMENT BY 1
    NO MINVALUE
    NO MAXVALUE
    CACHE 1
);


--
-- TOC entry 229 (class 1259 OID 57932)
-- Name: refresh_token; Type: TABLE; Schema: public; Owner: postgres
--

CREATE TABLE public.refresh_token (
    id bigint NOT NULL,
    user_id bigint,
    token character varying NOT NULL,
    expiry_date timestamp without time zone
);


ALTER TABLE public.refresh_token OWNER TO postgres;

--
-- TOC entry 228 (class 1259 OID 57931)
-- Name: refresh_token_id_seq; Type: SEQUENCE; Schema: public; Owner: postgres
--

ALTER TABLE public.refresh_token ALTER COLUMN id ADD GENERATED BY DEFAULT AS IDENTITY (
    SEQUENCE NAME public.refresh_token_id_seq
    START WITH 1
    INCREMENT BY 1
    NO MINVALUE
    NO MAXVALUE
    CACHE 1
);


--
-- TOC entry 220 (class 1259 OID 57853)
-- Name: roles; Type: TABLE; Schema: public; Owner: postgres
--

CREATE TABLE public.roles (
    id integer NOT NULL,
    name character varying(50) NOT NULL
);


ALTER TABLE public.roles OWNER TO postgres;

--
-- TOC entry 219 (class 1259 OID 57852)
-- Name: roles_id_seq; Type: SEQUENCE; Schema: public; Owner: postgres
--

ALTER TABLE public.roles ALTER COLUMN id ADD GENERATED BY DEFAULT AS IDENTITY (
    SEQUENCE NAME public.roles_id_seq
    START WITH 1
    INCREMENT BY 1
    NO MINVALUE
    NO MAXVALUE
    CACHE 1
);


--
-- TOC entry 236 (class 1259 OID 66071)
-- Name: suggested_post; Type: TABLE; Schema: public; Owner: postgres
--

CREATE TABLE public.suggested_post (
    post_id integer,
    office_id integer,
    id integer NOT NULL
);


ALTER TABLE public.suggested_post OWNER TO postgres;

--
-- TOC entry 237 (class 1259 OID 66088)
-- Name: suggested_post_id_seq; Type: SEQUENCE; Schema: public; Owner: postgres
--

ALTER TABLE public.suggested_post ALTER COLUMN id ADD GENERATED BY DEFAULT AS IDENTITY (
    SEQUENCE NAME public.suggested_post_id_seq
    START WITH 1
    INCREMENT BY 1
    NO MINVALUE
    NO MAXVALUE
    CACHE 1
);


--
-- TOC entry 218 (class 1259 OID 57838)
-- Name: users; Type: TABLE; Schema: public; Owner: postgres
--

CREATE TABLE public.users (
    id integer NOT NULL,
    email character varying(100) NOT NULL,
    password character varying NOT NULL,
    name character varying(100) NOT NULL,
    surname character varying(100) NOT NULL,
    job character varying(100),
    photo character varying,
    office integer NOT NULL,
    created_at timestamp without time zone NOT NULL
);


ALTER TABLE public.users OWNER TO postgres;

--
-- TOC entry 217 (class 1259 OID 57837)
-- Name: users_id_seq; Type: SEQUENCE; Schema: public; Owner: postgres
--

ALTER TABLE public.users ALTER COLUMN id ADD GENERATED BY DEFAULT AS IDENTITY (
    SEQUENCE NAME public.users_id_seq
    START WITH 1
    INCREMENT BY 1
    NO MINVALUE
    NO MAXVALUE
    CACHE 1
);


--
-- TOC entry 221 (class 1259 OID 57858)
-- Name: users_roles; Type: TABLE; Schema: public; Owner: postgres
--

CREATE TABLE public.users_roles (
    user_id integer NOT NULL,
    role_id integer NOT NULL
);


ALTER TABLE public.users_roles OWNER TO postgres;

--
-- TOC entry 4965 (class 0 OID 66022)
-- Dependencies: 231
-- Data for Name: comment; Type: TABLE DATA; Schema: public; Owner: postgres
--

INSERT INTO public.comment VALUES (3, 17, 'Великолепно', 'https://images.unsplash.com/photo-1473040713884-6be5953eba5a?q=80&w=2070&auto=format&fit=crop&ixlib=rb-4.0.3&ixid=M3wxMjA3fDB8MHxwaG90by1wYWdlfHx8fGVufDB8fHx8fA%3D%3D', '2024-04-08 23:24:43.352', 0, 0, 33);
INSERT INTO public.comment VALUES (1, 17, 'Просто замечательно', 'https://images.unsplash.com/photo-1528057842559-7d55fef9bb87?q=80&w=2070&auto=format&fit=crop&ixlib=rb-4.0.3&ixid=M3wxMjA3fDB8MHxwaG90by1wYWdlfHx8fGVufDB8fHx8fA%3D%3D', '2024-04-08 23:20:02.88', 0, 1, 33);
INSERT INTO public.comment VALUES (5, 17, 'amazing!!', NULL, '2024-04-22 11:56:56.543', 0, 0, 33);
INSERT INTO public.comment VALUES (4, 17, 'nice!!', NULL, '2024-04-15 00:08:05.68', 1, 0, 33);


--
-- TOC entry 4969 (class 0 OID 66051)
-- Dependencies: 235
-- Data for Name: comment_dislikes; Type: TABLE DATA; Schema: public; Owner: postgres
--

INSERT INTO public.comment_dislikes VALUES (3, 17, 1);


--
-- TOC entry 4967 (class 0 OID 66035)
-- Dependencies: 233
-- Data for Name: comment_likes; Type: TABLE DATA; Schema: public; Owner: postgres
--

INSERT INTO public.comment_likes VALUES (3, 17, 4);


--
-- TOC entry 4959 (class 0 OID 57904)
-- Dependencies: 225
-- Data for Name: dislikes; Type: TABLE DATA; Schema: public; Owner: postgres
--



--
-- TOC entry 4957 (class 0 OID 57874)
-- Dependencies: 223
-- Data for Name: idea_post; Type: TABLE DATA; Schema: public; Owner: postgres
--

INSERT INTO public.idea_post VALUES (34, 'Мониторы #3', 'Необходимо заменить все мониторы! #3', 18, 'https://cdn.thewirecutter.com/wp-content/media/2023/06/4kmonitors-2048px-9794.jpg,https://i.pcmag.com/imagery/reviews/04yXpm5uyjix6ORSzFZVOrA-1..v1693014357.jpg', 0, 0, 0, '2024-03-23 15:12:28.291', 4);
INSERT INTO public.idea_post VALUES (36, 'Мониторы #5', 'Необходимо заменить все мониторы! #5', 17, 'https://cdn.thewirecutter.com/wp-content/media/2023/06/4kmonitors-2048px-9794.jpg,https://i.pcmag.com/imagery/reviews/04yXpm5uyjix6ORSzFZVOrA-1..v1693014357.jpg', 0, 0, 0, '2024-03-23 15:13:16.761', 2);
INSERT INTO public.idea_post VALUES (37, 'Мониторы #6', 'Необходимо заменить все мониторы! #6', 17, 'https://cdn.thewirecutter.com/wp-content/media/2023/06/4kmonitors-2048px-9794.jpg,https://i.pcmag.com/imagery/reviews/04yXpm5uyjix6ORSzFZVOrA-1..v1693014357.jpg', 0, 0, 0, '2024-03-23 15:13:29.173', 5);
INSERT INTO public.idea_post VALUES (39, 'Monitor EN YES PHOTO', 'Monitor EN', 17, 'Ramington.ru,ramington_2.ru', 0, 0, 0, '2024-03-26 15:03:38.18', 1);
INSERT INTO public.idea_post VALUES (33, 'Monitor EN', 'Monitor EN', 18, 'Ramington.ru', 1, 0, 5, '2024-03-23 15:12:16.272', 1);


--
-- TOC entry 4975 (class 0 OID 66112)
-- Dependencies: 241
-- Data for Name: implemented; Type: TABLE DATA; Schema: public; Owner: postgres
--

INSERT INTO public.implemented VALUES (1, 34, 1);
INSERT INTO public.implemented VALUES (2, 36, 1);


--
-- TOC entry 4973 (class 0 OID 66096)
-- Dependencies: 239
-- Data for Name: in_progress; Type: TABLE DATA; Schema: public; Owner: postgres
--



--
-- TOC entry 4958 (class 0 OID 57891)
-- Dependencies: 224
-- Data for Name: likes; Type: TABLE DATA; Schema: public; Owner: postgres
--

INSERT INTO public.likes VALUES (17, 33, 54);


--
-- TOC entry 4950 (class 0 OID 57830)
-- Dependencies: 216
-- Data for Name: office; Type: TABLE DATA; Schema: public; Owner: postgres
--

INSERT INTO public.office VALUES (1, 'https://arearent.ru/upload/resize_cache/iblock/7e7/1250_600_1/ed79s3ywxiqn6myw26f70ndbkw23hc85.jpg', 'ул. Гагарина 6');
INSERT INTO public.office VALUES (2, 'https://cdn.inmyroom.ru/uploads/photo/file/a8/a8e4/base_a8e4096a-9249-4fbe-870d-b08d03a78f24.jpg', 'ул.Коминтерна, д.164');
INSERT INTO public.office VALUES (3, 'https://interiorizm.com/wp-content/uploads/2021/02/rabochee-mesto-s-vidom-na-more-interiorizm-05.jpg', 'ул.Большая Печерская, 5/9');
INSERT INTO public.office VALUES (4, 'https://cdn.inmyroom.ru/uploads/photo/file/d5/d5c9/photos_show_big_d5c9a014-519c-4f3d-bd44-bfb7a8d0e52a.jpg', 'ул.Ковалихинская, д.8');
INSERT INTO public.office VALUES (5, 'https://archello.s3.eu-central-1.amazonaws.com/images/2018/02/03/DFBridgesIISHOT07G20-0.1517653034.5896.jpg', 'ул.Горького, д.146');


--
-- TOC entry 4963 (class 0 OID 57932)
-- Dependencies: 229
-- Data for Name: refresh_token; Type: TABLE DATA; Schema: public; Owner: postgres
--

INSERT INTO public.refresh_token VALUES (113, 17, 'fc95ef2d-2fbb-4bf3-a335-88bf467ebd7f', '2024-05-13 14:30:03.518');


--
-- TOC entry 4954 (class 0 OID 57853)
-- Dependencies: 220
-- Data for Name: roles; Type: TABLE DATA; Schema: public; Owner: postgres
--

INSERT INTO public.roles VALUES (1, 'ROLE_USER');
INSERT INTO public.roles VALUES (2, 'ROLE_ADMIN');


--
-- TOC entry 4970 (class 0 OID 66071)
-- Dependencies: 236
-- Data for Name: suggested_post; Type: TABLE DATA; Schema: public; Owner: postgres
--



--
-- TOC entry 4952 (class 0 OID 57838)
-- Dependencies: 218
-- Data for Name: users; Type: TABLE DATA; Schema: public; Owner: postgres
--

INSERT INTO public.users VALUES (17, 'alex@yandex.ru', '$2a$10$O/viSB6hLSgeP4EigHHJzu2oYfu1lYIfDbpn6slCNCM3HQIpBS/02', 'person_first', 'person_first', 'Software Engineer #1', 'https://previews.123rf.com/images/verpeya/verpeya1902/verpeya190202090/129973840-user-icon.jpg', 1, '2024-03-23 15:05:49.815');
INSERT INTO public.users VALUES (19, 'qwerty@yandex.ru', '$2a$10$3W7C2KmqVr/0ZvjW3Zgc1Ozs/PCWCXaxFlPT6VhHTKVrbfI9jiYsi', 'Дмитрий', 'Комарницкий', 'Сотрудник Tinkoff', 'https://previews.123rf.com/images/verpeya/verpeya1902/verpeya190202090/129973840-user-icon.jpg', 1, '2024-03-23 20:40:48.404');
INSERT INTO public.users VALUES (20, 'qwerty123456@yandex.ru', '$2a$10$XIQ1Yxrh0oK1H7dfAKLhOOwxM10FWevQ91oQXI3SVGHtaSS1q0Tvy', 'Дмитрий', 'Комарницкий', 'Сотрудник Tinkoff', 'https://previews.123rf.com/images/verpeya/verpeya1902/verpeya190202090/129973840-user-icon.jpg', 1, '2024-03-24 13:50:01.581');
INSERT INTO public.users VALUES (18, 'misha@yandex.ru', '$2a$10$zRQoNFPBZPD/DTjWH0Qx7.u0/jyn.jyPpR6y0KVvdLRNFImVhfkyq', 'misha', 'volzhanin', 'Сотрудник Tinkoff', 'https://previews.123rf.com/images/verpeya/verpeya1902/verpeya190202090/129973840-user-icon.jpg', 1, '2024-03-23 15:06:16.65');
INSERT INTO public.users VALUES (21, 'qwerty1234567@yandex.ru', '$2a$10$Lf42VW7ysy9xKhOaqB6IDOund0xmfro0MK0mb3VI.29CfW7W9/5su', 'Дмитрий', 'Комарницкий', 'Сотрудник Tinkoff', 'https://previews.123rf.com/images/verpeya/verpeya1902/verpeya190202090/129973840-user-icon.jpg', 1, '2024-03-24 21:39:54.386');


--
-- TOC entry 4955 (class 0 OID 57858)
-- Dependencies: 221
-- Data for Name: users_roles; Type: TABLE DATA; Schema: public; Owner: postgres
--

INSERT INTO public.users_roles VALUES (17, 1);
INSERT INTO public.users_roles VALUES (18, 1);
INSERT INTO public.users_roles VALUES (19, 1);
INSERT INTO public.users_roles VALUES (20, 1);
INSERT INTO public.users_roles VALUES (21, 1);


--
-- TOC entry 4982 (class 0 OID 0)
-- Dependencies: 234
-- Name: comment_dislikes_id_seq; Type: SEQUENCE SET; Schema: public; Owner: postgres
--

SELECT pg_catalog.setval('public.comment_dislikes_id_seq', 3, true);


--
-- TOC entry 4983 (class 0 OID 0)
-- Dependencies: 230
-- Name: comment_id_seq; Type: SEQUENCE SET; Schema: public; Owner: postgres
--

SELECT pg_catalog.setval('public.comment_id_seq', 5, true);


--
-- TOC entry 4984 (class 0 OID 0)
-- Dependencies: 232
-- Name: comment_likes_id_seq; Type: SEQUENCE SET; Schema: public; Owner: postgres
--

SELECT pg_catalog.setval('public.comment_likes_id_seq', 3, true);


--
-- TOC entry 4985 (class 0 OID 0)
-- Dependencies: 227
-- Name: dislikes_id_seq; Type: SEQUENCE SET; Schema: public; Owner: postgres
--

SELECT pg_catalog.setval('public.dislikes_id_seq', 44, true);


--
-- TOC entry 4986 (class 0 OID 0)
-- Dependencies: 222
-- Name: idea_post_id_seq; Type: SEQUENCE SET; Schema: public; Owner: postgres
--

SELECT pg_catalog.setval('public.idea_post_id_seq', 39, true);


--
-- TOC entry 4987 (class 0 OID 0)
-- Dependencies: 240
-- Name: implemented_id_seq; Type: SEQUENCE SET; Schema: public; Owner: postgres
--

SELECT pg_catalog.setval('public.implemented_id_seq', 2, true);


--
-- TOC entry 4988 (class 0 OID 0)
-- Dependencies: 238
-- Name: in_progress_id_seq; Type: SEQUENCE SET; Schema: public; Owner: postgres
--

SELECT pg_catalog.setval('public.in_progress_id_seq', 2, true);


--
-- TOC entry 4989 (class 0 OID 0)
-- Dependencies: 226
-- Name: likes_id_seq; Type: SEQUENCE SET; Schema: public; Owner: postgres
--

SELECT pg_catalog.setval('public.likes_id_seq', 54, true);


--
-- TOC entry 4990 (class 0 OID 0)
-- Dependencies: 215
-- Name: office_id_seq; Type: SEQUENCE SET; Schema: public; Owner: postgres
--

SELECT pg_catalog.setval('public.office_id_seq', 5, true);


--
-- TOC entry 4991 (class 0 OID 0)
-- Dependencies: 228
-- Name: refresh_token_id_seq; Type: SEQUENCE SET; Schema: public; Owner: postgres
--

SELECT pg_catalog.setval('public.refresh_token_id_seq', 113, true);


--
-- TOC entry 4992 (class 0 OID 0)
-- Dependencies: 219
-- Name: roles_id_seq; Type: SEQUENCE SET; Schema: public; Owner: postgres
--

SELECT pg_catalog.setval('public.roles_id_seq', 3, true);


--
-- TOC entry 4993 (class 0 OID 0)
-- Dependencies: 237
-- Name: suggested_post_id_seq; Type: SEQUENCE SET; Schema: public; Owner: postgres
--

SELECT pg_catalog.setval('public.suggested_post_id_seq', 2, true);


--
-- TOC entry 4994 (class 0 OID 0)
-- Dependencies: 217
-- Name: users_id_seq; Type: SEQUENCE SET; Schema: public; Owner: postgres
--

SELECT pg_catalog.setval('public.users_id_seq', 21, true);


--
-- TOC entry 4777 (class 2606 OID 66055)
-- Name: comment_dislikes comment_dislikes_pkey; Type: CONSTRAINT; Schema: public; Owner: postgres
--

ALTER TABLE ONLY public.comment_dislikes
    ADD CONSTRAINT comment_dislikes_pkey PRIMARY KEY (id);


--
-- TOC entry 4775 (class 2606 OID 66039)
-- Name: comment_likes comment_likes_pkey; Type: CONSTRAINT; Schema: public; Owner: postgres
--

ALTER TABLE ONLY public.comment_likes
    ADD CONSTRAINT comment_likes_pkey PRIMARY KEY (id);


--
-- TOC entry 4773 (class 2606 OID 66028)
-- Name: comment comment_pkey; Type: CONSTRAINT; Schema: public; Owner: postgres
--

ALTER TABLE ONLY public.comment
    ADD CONSTRAINT comment_pkey PRIMARY KEY (id);


--
-- TOC entry 4767 (class 2606 OID 57926)
-- Name: dislikes dislikes_pkey; Type: CONSTRAINT; Schema: public; Owner: postgres
--

ALTER TABLE ONLY public.dislikes
    ADD CONSTRAINT dislikes_pkey PRIMARY KEY (id);


--
-- TOC entry 4763 (class 2606 OID 57880)
-- Name: idea_post idea_post_pkey; Type: CONSTRAINT; Schema: public; Owner: postgres
--

ALTER TABLE ONLY public.idea_post
    ADD CONSTRAINT idea_post_pkey PRIMARY KEY (id);


--
-- TOC entry 4783 (class 2606 OID 66116)
-- Name: implemented implemented_pkey; Type: CONSTRAINT; Schema: public; Owner: postgres
--

ALTER TABLE ONLY public.implemented
    ADD CONSTRAINT implemented_pkey PRIMARY KEY (id);


--
-- TOC entry 4781 (class 2606 OID 66100)
-- Name: in_progress in_progress_pkey; Type: CONSTRAINT; Schema: public; Owner: postgres
--

ALTER TABLE ONLY public.in_progress
    ADD CONSTRAINT in_progress_pkey PRIMARY KEY (id);


--
-- TOC entry 4765 (class 2606 OID 57919)
-- Name: likes likes_pkey; Type: CONSTRAINT; Schema: public; Owner: postgres
--

ALTER TABLE ONLY public.likes
    ADD CONSTRAINT likes_pkey PRIMARY KEY (id);


--
-- TOC entry 4753 (class 2606 OID 57836)
-- Name: office office_pkey; Type: CONSTRAINT; Schema: public; Owner: postgres
--

ALTER TABLE ONLY public.office
    ADD CONSTRAINT office_pkey PRIMARY KEY (id);


--
-- TOC entry 4769 (class 2606 OID 57938)
-- Name: refresh_token refresh_token_pkey; Type: CONSTRAINT; Schema: public; Owner: postgres
--

ALTER TABLE ONLY public.refresh_token
    ADD CONSTRAINT refresh_token_pkey PRIMARY KEY (id);


--
-- TOC entry 4771 (class 2606 OID 57940)
-- Name: refresh_token refresh_token_token_key; Type: CONSTRAINT; Schema: public; Owner: postgres
--

ALTER TABLE ONLY public.refresh_token
    ADD CONSTRAINT refresh_token_token_key UNIQUE (token);


--
-- TOC entry 4759 (class 2606 OID 57857)
-- Name: roles roles_pkey; Type: CONSTRAINT; Schema: public; Owner: postgres
--

ALTER TABLE ONLY public.roles
    ADD CONSTRAINT roles_pkey PRIMARY KEY (id);


--
-- TOC entry 4779 (class 2606 OID 66090)
-- Name: suggested_post suggested_post_pkey; Type: CONSTRAINT; Schema: public; Owner: postgres
--

ALTER TABLE ONLY public.suggested_post
    ADD CONSTRAINT suggested_post_pkey PRIMARY KEY (id);


--
-- TOC entry 4755 (class 2606 OID 57846)
-- Name: users users_email_key; Type: CONSTRAINT; Schema: public; Owner: postgres
--

ALTER TABLE ONLY public.users
    ADD CONSTRAINT users_email_key UNIQUE (email);


--
-- TOC entry 4757 (class 2606 OID 57844)
-- Name: users users_pkey; Type: CONSTRAINT; Schema: public; Owner: postgres
--

ALTER TABLE ONLY public.users
    ADD CONSTRAINT users_pkey PRIMARY KEY (id);


--
-- TOC entry 4761 (class 2606 OID 57862)
-- Name: users_roles users_roles_pkey; Type: CONSTRAINT; Schema: public; Owner: postgres
--

ALTER TABLE ONLY public.users_roles
    ADD CONSTRAINT users_roles_pkey PRIMARY KEY (user_id, role_id);


--
-- TOC entry 4794 (class 2606 OID 66029)
-- Name: comment comment_author_fkey; Type: FK CONSTRAINT; Schema: public; Owner: postgres
--

ALTER TABLE ONLY public.comment
    ADD CONSTRAINT comment_author_fkey FOREIGN KEY (author) REFERENCES public.users(id);


--
-- TOC entry 4798 (class 2606 OID 66056)
-- Name: comment_dislikes comment_dislikes_author_id_fkey; Type: FK CONSTRAINT; Schema: public; Owner: postgres
--

ALTER TABLE ONLY public.comment_dislikes
    ADD CONSTRAINT comment_dislikes_author_id_fkey FOREIGN KEY (author_id) REFERENCES public.users(id);


--
-- TOC entry 4799 (class 2606 OID 66061)
-- Name: comment_dislikes comment_dislikes_comment_id_fkey; Type: FK CONSTRAINT; Schema: public; Owner: postgres
--

ALTER TABLE ONLY public.comment_dislikes
    ADD CONSTRAINT comment_dislikes_comment_id_fkey FOREIGN KEY (comment_id) REFERENCES public.comment(id);


--
-- TOC entry 4796 (class 2606 OID 66040)
-- Name: comment_likes comment_likes_author_id_fkey; Type: FK CONSTRAINT; Schema: public; Owner: postgres
--

ALTER TABLE ONLY public.comment_likes
    ADD CONSTRAINT comment_likes_author_id_fkey FOREIGN KEY (author_id) REFERENCES public.users(id);


--
-- TOC entry 4797 (class 2606 OID 66045)
-- Name: comment_likes comment_likes_comment_id_fkey; Type: FK CONSTRAINT; Schema: public; Owner: postgres
--

ALTER TABLE ONLY public.comment_likes
    ADD CONSTRAINT comment_likes_comment_id_fkey FOREIGN KEY (comment_id) REFERENCES public.comment(id);


--
-- TOC entry 4795 (class 2606 OID 66066)
-- Name: comment comment_post_id_fkey; Type: FK CONSTRAINT; Schema: public; Owner: postgres
--

ALTER TABLE ONLY public.comment
    ADD CONSTRAINT comment_post_id_fkey FOREIGN KEY (post_id) REFERENCES public.idea_post(id);


--
-- TOC entry 4791 (class 2606 OID 57912)
-- Name: dislikes dislikes_post_id_fkey; Type: FK CONSTRAINT; Schema: public; Owner: postgres
--

ALTER TABLE ONLY public.dislikes
    ADD CONSTRAINT dislikes_post_id_fkey FOREIGN KEY (post_id) REFERENCES public.idea_post(id);


--
-- TOC entry 4792 (class 2606 OID 57907)
-- Name: dislikes dislikes_user_id_fkey; Type: FK CONSTRAINT; Schema: public; Owner: postgres
--

ALTER TABLE ONLY public.dislikes
    ADD CONSTRAINT dislikes_user_id_fkey FOREIGN KEY (user_id) REFERENCES public.users(id);


--
-- TOC entry 4787 (class 2606 OID 57886)
-- Name: idea_post idea_post_office_id_fkey; Type: FK CONSTRAINT; Schema: public; Owner: postgres
--

ALTER TABLE ONLY public.idea_post
    ADD CONSTRAINT idea_post_office_id_fkey FOREIGN KEY (office_id) REFERENCES public.office(id);


--
-- TOC entry 4788 (class 2606 OID 57881)
-- Name: idea_post idea_post_user_id_fkey; Type: FK CONSTRAINT; Schema: public; Owner: postgres
--

ALTER TABLE ONLY public.idea_post
    ADD CONSTRAINT idea_post_user_id_fkey FOREIGN KEY (user_id) REFERENCES public.users(id);


--
-- TOC entry 4804 (class 2606 OID 66122)
-- Name: implemented implemented_office_id_fkey; Type: FK CONSTRAINT; Schema: public; Owner: postgres
--

ALTER TABLE ONLY public.implemented
    ADD CONSTRAINT implemented_office_id_fkey FOREIGN KEY (office_id) REFERENCES public.office(id);


--
-- TOC entry 4805 (class 2606 OID 66117)
-- Name: implemented implemented_post_id_fkey; Type: FK CONSTRAINT; Schema: public; Owner: postgres
--

ALTER TABLE ONLY public.implemented
    ADD CONSTRAINT implemented_post_id_fkey FOREIGN KEY (post_id) REFERENCES public.idea_post(id);


--
-- TOC entry 4802 (class 2606 OID 66106)
-- Name: in_progress in_progress_office_id_fkey; Type: FK CONSTRAINT; Schema: public; Owner: postgres
--

ALTER TABLE ONLY public.in_progress
    ADD CONSTRAINT in_progress_office_id_fkey FOREIGN KEY (office_id) REFERENCES public.office(id);


--
-- TOC entry 4803 (class 2606 OID 66101)
-- Name: in_progress in_progress_post_id_fkey; Type: FK CONSTRAINT; Schema: public; Owner: postgres
--

ALTER TABLE ONLY public.in_progress
    ADD CONSTRAINT in_progress_post_id_fkey FOREIGN KEY (post_id) REFERENCES public.idea_post(id);


--
-- TOC entry 4789 (class 2606 OID 57899)
-- Name: likes likes_post_id_fkey; Type: FK CONSTRAINT; Schema: public; Owner: postgres
--

ALTER TABLE ONLY public.likes
    ADD CONSTRAINT likes_post_id_fkey FOREIGN KEY (post_id) REFERENCES public.idea_post(id);


--
-- TOC entry 4790 (class 2606 OID 57894)
-- Name: likes likes_user_id_fkey; Type: FK CONSTRAINT; Schema: public; Owner: postgres
--

ALTER TABLE ONLY public.likes
    ADD CONSTRAINT likes_user_id_fkey FOREIGN KEY (user_id) REFERENCES public.users(id);


--
-- TOC entry 4793 (class 2606 OID 57941)
-- Name: refresh_token refresh_token_user_id_fkey; Type: FK CONSTRAINT; Schema: public; Owner: postgres
--

ALTER TABLE ONLY public.refresh_token
    ADD CONSTRAINT refresh_token_user_id_fkey FOREIGN KEY (user_id) REFERENCES public.users(id);


--
-- TOC entry 4800 (class 2606 OID 66079)
-- Name: suggested_post suggested_post_office_id_fkey; Type: FK CONSTRAINT; Schema: public; Owner: postgres
--

ALTER TABLE ONLY public.suggested_post
    ADD CONSTRAINT suggested_post_office_id_fkey FOREIGN KEY (office_id) REFERENCES public.office(id);


--
-- TOC entry 4801 (class 2606 OID 66074)
-- Name: suggested_post suggested_post_post_id_fkey; Type: FK CONSTRAINT; Schema: public; Owner: postgres
--

ALTER TABLE ONLY public.suggested_post
    ADD CONSTRAINT suggested_post_post_id_fkey FOREIGN KEY (post_id) REFERENCES public.idea_post(id);


--
-- TOC entry 4784 (class 2606 OID 57847)
-- Name: users users_office_fkey; Type: FK CONSTRAINT; Schema: public; Owner: postgres
--

ALTER TABLE ONLY public.users
    ADD CONSTRAINT users_office_fkey FOREIGN KEY (office) REFERENCES public.office(id);


--
-- TOC entry 4785 (class 2606 OID 57868)
-- Name: users_roles users_roles_role_id_fkey; Type: FK CONSTRAINT; Schema: public; Owner: postgres
--

ALTER TABLE ONLY public.users_roles
    ADD CONSTRAINT users_roles_role_id_fkey FOREIGN KEY (role_id) REFERENCES public.roles(id);


--
-- TOC entry 4786 (class 2606 OID 57863)
-- Name: users_roles users_roles_user_id_fkey; Type: FK CONSTRAINT; Schema: public; Owner: postgres
--

ALTER TABLE ONLY public.users_roles
    ADD CONSTRAINT users_roles_user_id_fkey FOREIGN KEY (user_id) REFERENCES public.users(id);


-- Completed on 2024-05-06 15:02:30

--
-- PostgreSQL database dump complete
--

